SERIAL	CLIENTE	EQUIPAMENTO	ORDEM DE SERVIÇO	FLUXO	GARANTIA	DT RECEBIMENTO
7100221088647522	PAGPOP	Mag-Scan 7	1802262024	CONTRATO	S	2024-05-20
3450191033333308	SUM UP	Chipset-Verifier 3.0	1802182024	CONTRATO	N	2024-05-20
3450211072829382	INFINITE PAY	Chipset-Verifier 3.0	1802382024	CONTRATO	N	2024-05-20
7100241013051824	PAGPOP	Mag-Scan 7	1802262024	CONTRATO	N	2024-05-20
7100221088004064	GETNET	Mag-Scan 7	1802462024	CONTRATO	S	2024-05-20
3450191004209158	PAG SEGURO	Chipset-Verifier 3.0	1802352024	CONTRATO	N	2024-05-20
7100241067494651	GETNET	Mag-Scan 7	1802462024	CONTRATO	N	2024-05-20
3450231011511769	INFINITE PAY	Chipset-Verifier 3.0	1802382024	CONTRATO	N	2024-05-20
1020231009816445	REDECARD	EPOS-X	1802432024	CONTRATO	N	2024-05-20
7100181087476752	GETNET	Mag-Scan 7	1802462024	CONTRATO	N	2024-05-20
5020241073738056	SUM UP	Tricore-V	1802322024	CONTRATO	N	2024-05-20
5020231019824245	CIELO	Tricore-V	1802162024	CONTRATO	N	2024-05-20
5020221000061338	STONE	Tricore-V	1802422024	CONTRATO	S	2024-05-20
5020231017430740	MERCADO PAGO	Tricore-V	1802142024	CONTRATO	N	2024-05-20
7100191001740083	SECUREPAY SOLUTIONS	Mag-Scan 7	1801562024	VAREJO	N	2024-05-20
3450231077372898	SUM UP	Chipset-Verifier 3.0	1802182024	CONTRATO	N	2024-05-20
2100221025255076	PAGPOP	PX-2100	1802372024	CONTRATO	N	2024-05-20
5020201002312732	EASYPAY SOLUTIONS	Tricore-V	1801632024	VAREJO	N	2024-05-20
7100221084062778	SUM UP	Mag-Scan 7	1802222024	CONTRATO	N	2024-05-20
5020221025617962	MERCADO PAGO	Tricore-V	1802142024	CONTRATO	N	2024-05-20
1020191015748490	REDECARD	EPOS-X	1802432024	CONTRATO	N	2024-05-20
7100181030007964	SUM UP	Mag-Scan 7	1802222024	CONTRATO	S	2024-05-20
5020211078418281	REDECARD	Tricore-V	1802312024	CONTRATO	N	2024-05-20
5020201015234030	MERCADO PAGO	Tricore-V	1802142024	CONTRATO	N	2024-05-20
5020191035357948	INFINITE PAY	Tricore-V	1802512024	CONTRATO	S	2024-05-20
5020201086229721	PAG SEGURO	Tricore-V	1802172024	CONTRATO	N	2024-05-20
5020201030865054	SUM UP	Tricore-V	1802322024	CONTRATO	N	2024-05-20
1020181041944124	INFINITE PAY	EPOS-X	1802542024	CONTRATO	N	2024-05-20
5020231016117240	INFINITE PAY	Tricore-V	1802512024	CONTRATO	N	2024-05-20
3450201033494193	CIELO	Chipset-Verifier 3.0	1802272024	CONTRATO	S	2024-05-20
7100181079926728	MERCADO PAGO	Mag-Scan 7	1802522024	CONTRATO	S	2024-05-20
2100231001573922	MERCADO PAGO	PX-2100	1802552024	CONTRATO	N	2024-05-20
5020241029066083	STONE	Tricore-V	1802422024	CONTRATO	N	2024-05-20
2100181008801449	CIELO	PX-2100	1802112024	CONTRATO	N	2024-05-20
3450181011454076	SUM UP	Chipset-Verifier 3.0	1802182024	CONTRATO	N	2024-05-20
2100241072085473	SUM UP	PX-2100	1802122024	CONTRATO	N	2024-05-20
1020211083634496	GETNET	EPOS-X	1802292024	CONTRATO	S	2024-05-20
2100231033658817	PAGPOP	PX-2100	1802372024	CONTRATO	N	2024-05-20
5020201054893880	CIELO	Tricore-V	1802162024	CONTRATO	N	2024-05-20
1020181004941317	INFINITE PAY	EPOS-X	1802542024	CONTRATO	N	2024-05-20
3450221076822796	SUM UP	Chipset-Verifier 3.0	1802182024	CONTRATO	S	2024-05-20
5020221082763483	PAG SEGURO	Tricore-V	1802172024	CONTRATO	N	2024-05-20
1020221009441352	INFINITE PAY	EPOS-X	1802542024	CONTRATO	S	2024-05-20
2100201046584760	EASYPAY SOLUTIONS	PX-2100	1800972024	VAREJO	N	2024-05-20
7100201046983639	MERCADO PAGO	Mag-Scan 7	1802522024	CONTRATO	N	2024-05-20
5020221018679833	CIELO	Tricore-V	1802162024	CONTRATO	N	2024-05-20
3450181004690764	CIELO	Chipset-Verifier 3.0	1802272024	CONTRATO	S	2024-05-20
2100231063304558	GETNET	PX-2100	1802402024	CONTRATO	N	2024-05-20
2100211062468104	MERCADO PAGO	PX-2100	1802552024	CONTRATO	N	2024-05-20
7100231087372441	INFINITE PAY	Mag-Scan 7	1802482024	CONTRATO	S	2024-05-20
1020211043068366	SUM UP	EPOS-X	1802362024	CONTRATO	N	2024-05-20
2100221023229063	PAGPOP	PX-2100	1802372024	CONTRATO	N	2024-05-20
2100241052624903	PAG SEGURO	PX-2100	1802232024	CONTRATO	N	2024-05-20
3450201025777485	POINTPRO TECH	Chipset-Verifier 3.0	1801302024	VAREJO	N	2024-05-20
3450221053926906	CIELO	Chipset-Verifier 3.0	1802272024	CONTRATO	N	2024-05-20
1020181080079666	INFINITE PAY	EPOS-X	1802542024	CONTRATO	N	2024-05-20
2100231027391122	CIELO	PX-2100	1802112024	CONTRATO	N	2024-05-20
5020211088107296	SUM UP	Tricore-V	1802322024	CONTRATO	N	2024-05-20
7100231015299970	CIELO	Mag-Scan 7	1802342024	CONTRATO	N	2024-05-20
7100231004752804	SUM UP	Mag-Scan 7	1802222024	CONTRATO	N	2024-05-20
5020241054485374	MERCADO PAGO	Tricore-V	1802142024	CONTRATO	N	2024-05-20
7100241035692701	CIELO	Mag-Scan 7	1802342024	CONTRATO	S	2024-05-20
5020211086948790	REDECARD	Tricore-V	1802312024	CONTRATO	N	2024-05-20
3450241010391225	GETNET	Chipset-Verifier 3.0	1802442024	CONTRATO	N	2024-05-20
1020221030465873	CIELO	EPOS-X	1802452024	CONTRATO	S	2024-05-20
2100191062519948	CIELO	PX-2100	1802112024	CONTRATO	N	2024-05-20
7100211039672089	CARDTECH SOLUTIONS	Mag-Scan 7	1801452024	VAREJO	S	2024-05-20
1020221066578031	INFINITE PAY	EPOS-X	1802542024	CONTRATO	N	2024-05-20
3450211070460895	PAGPOP	Chipset-Verifier 3.0	1802302024	CONTRATO	N	2024-05-20
2100201072683840	REDECARD	PX-2100	1802242024	CONTRATO	S	2024-05-20
3450201049163862	REDECARD	Chipset-Verifier 3.0	1802392024	CONTRATO	N	2024-05-20
5020201027559699	CIELO	Tricore-V	1802162024	CONTRATO	N	2024-05-20
1020231057461000	STONE	EPOS-X	1802252024	CONTRATO	N	2024-05-20
1020201088130414	MERCADO PAGO	EPOS-X	1802132024	CONTRATO	N	2024-05-20
2100201055509155	PAG SEGURO	PX-2100	1802232024	CONTRATO	N	2024-05-20
7100211069441318	CIELO	Mag-Scan 7	1802342024	CONTRATO	N	2024-05-20
2100201065250575	PAGPOP	PX-2100	1802372024	CONTRATO	N	2024-05-20
3450201002804347	PAGPOP	Chipset-Verifier 3.0	1802302024	CONTRATO	N	2024-05-20
7100181020556499	INFINITE PAY	Mag-Scan 7	1802482024	CONTRATO	S	2024-05-20
3450211055342459	STONE	Chipset-Verifier 3.0	1802202024	CONTRATO	N	2024-05-20
2100181060846775	MERCADO PAGO	PX-2100	1802552024	CONTRATO	N	2024-05-20
3450191055592442	PAG SEGURO	Chipset-Verifier 3.0	1802352024	CONTRATO	N	2024-05-20
1020221068025209	CIELO	EPOS-X	1802452024	CONTRATO	S	2024-05-20
5020231025881943	CIELO	Tricore-V	1802162024	CONTRATO	S	2024-05-20
7100231016109238	PAGPOP	Mag-Scan 7	1802262024	CONTRATO	N	2024-05-20
2100201082903884	STONE	PX-2100	1802412024	CONTRATO	S	2024-05-20
5020201002048859	PAGPOP	Tricore-V	1802502024	CONTRATO	N	2024-05-20
7100231076058939	STONE	Mag-Scan 7	1802492024	CONTRATO	N	2024-05-20
7100241035994755	MERCADO PAGO	Mag-Scan 7	1802522024	CONTRATO	N	2024-05-20
5020201085151845	GETNET	Tricore-V	1802152024	CONTRATO	N	2024-05-20
7100181089349489	GETNET	Mag-Scan 7	1802462024	CONTRATO	N	2024-05-20
7100241080575797	POINTEXPERT SOLUTIONS	Mag-Scan 7	1800692024	VAREJO	S	2024-05-20
1020201005211214	REDECARD	EPOS-X	1802432024	CONTRATO	N	2024-05-20
2100191065254935	PAG SEGURO	PX-2100	1802232024	CONTRATO	N	2024-05-20
1020201083204450	GETNET	EPOS-X	1802292024	CONTRATO	S	2024-05-20
3450221045126566	PAGPOP	Chipset-Verifier 3.0	1802302024	CONTRATO	N	2024-05-20
2100241037504229	PAG SEGURO	PX-2100	1802232024	CONTRATO	N	2024-05-20
7100211053681482	GETNET	Mag-Scan 7	1802462024	CONTRATO	S	2024-05-20
7100211072864092	PAGPOP	Mag-Scan 7	1802262024	CONTRATO	N	2024-05-20
1020211037350417	INFINITE PAY	EPOS-X	1802542024	CONTRATO	N	2024-05-20
3450201051915937	INFINITE PAY	Chipset-Verifier 3.0	1802382024	CONTRATO	N	2024-05-20
1020221004536708	CARDCONNECT SOLUTIONS	EPOS-X	1800712024	VAREJO	N	2024-05-20
7100211002650183	CIELO	Mag-Scan 7	1802342024	CONTRATO	N	2024-05-20
5020181011726696	INFINITE PAY	Tricore-V	1802512024	CONTRATO	N	2024-05-20
1020231051304852	INFINITE PAY	EPOS-X	1802542024	CONTRATO	N	2024-05-20
1020191029072093	PAG SEGURO	EPOS-X	1802192024	CONTRATO	N	2024-05-20
3450221051300914	INFINITE PAY	Chipset-Verifier 3.0	1802382024	CONTRATO	N	2024-05-20
7100191022619426	MERCADO PAGO	Mag-Scan 7	1802522024	CONTRATO	S	2024-05-20
1020191089949695	SUM UP	EPOS-X	1802362024	CONTRATO	N	2024-05-20
1020211069805684	REDECARD	EPOS-X	1802432024	CONTRATO	N	2024-05-20
5020231033634511	PAG SEGURO	Tricore-V	1802172024	CONTRATO	S	2024-05-20
2100211050105893	CIELO	PX-2100	1802112024	CONTRATO	S	2024-05-20
1020241034862090	INFINITE PAY	EPOS-X	1802542024	CONTRATO	N	2024-05-20
7100201026139991	POINTPRO TECH	Mag-Scan 7	1801032024	VAREJO	N	2024-05-20
7100241069327778	CIELO	Mag-Scan 7	1802342024	CONTRATO	N	2024-05-20
7100221063311663	MERCADO PAGO	Mag-Scan 7	1802522024	CONTRATO	S	2024-05-20
7100241030881065	SUM UP	Mag-Scan 7	1802222024	CONTRATO	N	2024-05-20
2100211014633228	GETNET	PX-2100	1802402024	CONTRATO	N	2024-05-20
5020231089727116	MERCADO PAGO	Tricore-V	1802142024	CONTRATO	N	2024-05-20
2100241044543431	PAGPOP	PX-2100	1802372024	CONTRATO	N	2024-05-20
5020231011853165	GETNET	Tricore-V	1802152024	CONTRATO	N	2024-05-20
3450241086659944	PAG SEGURO	Chipset-Verifier 3.0	1802352024	CONTRATO	N	2024-05-20
1020211070294725	SUM UP	EPOS-X	1802362024	CONTRATO	N	2024-05-20
5020201029365987	SECUREPOINT SOLUTIONS	Tricore-V	1800752024	VAREJO	N	2024-05-20
7100191056669956	MERCADO PAGO	Mag-Scan 7	1802522024	CONTRATO	N	2024-05-20
5020241084256604	PAG SEGURO	Tricore-V	1802172024	CONTRATO	N	2024-05-20
2100191036657098	CARDTECH SOLUTIONS	PX-2100	1801202024	VAREJO	S	2024-05-20
1020231059383604	INFINITE PAY	EPOS-X	1802542024	CONTRATO	N	2024-05-20
3450191022404822	MERCADO PAGO	Chipset-Verifier 3.0	1802282024	CONTRATO	N	2024-05-20
2100181030615088	SUM UP	PX-2100	1802122024	CONTRATO	S	2024-05-20
2100231018996512	PAG SEGURO	PX-2100	1802232024	CONTRATO	N	2024-05-20
5020181044464120	REDECARD	Tricore-V	1802312024	CONTRATO	S	2024-05-20
5020221029306041	CIELO	Tricore-V	1802162024	CONTRATO	S	2024-05-20
7100181022690334	GETNET	Mag-Scan 7	1802462024	CONTRATO	N	2024-05-20
1020211083831087	INFINITE PAY	EPOS-X	1802542024	CONTRATO	N	2024-05-20
2100191065154303	PAGPOP	PX-2100	1802372024	CONTRATO	N	2024-05-20
3450181086753261	STONE	Chipset-Verifier 3.0	1802202024	CONTRATO	N	2024-05-20
1020241047559357	PAGPOP	EPOS-X	1802212024	CONTRATO	N	2024-05-20
5020211055794557	MERCADO PAGO	Tricore-V	1802142024	CONTRATO	N	2024-05-20
7100191033263160	SUM UP	Mag-Scan 7	1802222024	CONTRATO	N	2024-05-20
7100181076315407	SECURESWIPE SOLUTIONS	Mag-Scan 7	1801062024	VAREJO	S	2024-05-20
1020181080037283	RAPIDSWIPE TECH	EPOS-X	1800912024	VAREJO	N	2024-05-20
3450191002299683	REDECARD	Chipset-Verifier 3.0	1802392024	CONTRATO	N	2024-05-20
2100241054332787	MERCADO PAGO	PX-2100	1802552024	CONTRATO	N	2024-05-20
1020211085407190	MERCADO PAGO	EPOS-X	1802132024	CONTRATO	N	2024-05-20
1020211017798053	SWIFTPAY SOLUTIONS	EPOS-X	1801092024	VAREJO	S	2024-05-20
1020231054544541	MERCADO PAGO	EPOS-X	1802132024	CONTRATO	N	2024-05-20
5020221040544268	STONE	Tricore-V	1802422024	CONTRATO	N	2024-05-20
3450241055524242	SUM UP	Chipset-Verifier 3.0	1802182024	CONTRATO	N	2024-05-20
3450211071632625	STONE	Chipset-Verifier 3.0	1802202024	CONTRATO	N	2024-05-20
5020191049896214	SUM UP	Tricore-V	1802322024	CONTRATO	N	2024-05-20
2100201000010677	REDECARD	PX-2100	1802242024	CONTRATO	N	2024-05-20
3450221085311928	MERCADO PAGO	Chipset-Verifier 3.0	1802282024	CONTRATO	N	2024-05-20
1020241089912616	GETNET	EPOS-X	1802292024	CONTRATO	S	2024-05-20
1020211055962681	CIELO	EPOS-X	1802452024	CONTRATO	N	2024-05-20
1020191004615075	STONE	EPOS-X	1802252024	CONTRATO	N	2024-05-20
7100181034743904	PAGPOP	Mag-Scan 7	1802262024	CONTRATO	S	2024-05-20
7100201016147153	SUM UP	Mag-Scan 7	1802222024	CONTRATO	N	2024-05-20
2100191066976649	PAG SEGURO	PX-2100	1802232024	CONTRATO	N	2024-05-20
1020181045719725	MERCADO PAGO	EPOS-X	1802132024	CONTRATO	N	2024-05-20
3450221087092266	CIELO	Chipset-Verifier 3.0	1802272024	CONTRATO	N	2024-05-20
3450181029596376	GETNET	Chipset-Verifier 3.0	1802442024	CONTRATO	N	2024-05-20
1020221030595746	STONE	EPOS-X	1802252024	CONTRATO	N	2024-05-20
7100201056864006	POINTPRO TECH	Mag-Scan 7	1801032024	VAREJO	N	2024-05-20
5020201016638782	SUM UP	Tricore-V	1802322024	CONTRATO	N	2024-05-20
3450231077694238	CIELO	Chipset-Verifier 3.0	1802272024	CONTRATO	S	2024-05-20
1020181045412166	MERCADO PAGO	EPOS-X	1802132024	CONTRATO	N	2024-05-20
2100231065839257	CIELO	PX-2100	1802112024	CONTRATO	S	2024-05-20
3450201058578093	POINTPRO TECH	Chipset-Verifier 3.0	1801302024	VAREJO	N	2024-05-20
5020181089230880	CIELO	Tricore-V	1802162024	CONTRATO	N	2024-05-20
3450211068277743	PAG SEGURO	Chipset-Verifier 3.0	1802352024	CONTRATO	N	2024-05-20
2100201052505224	STONE	PX-2100	1802412024	CONTRATO	N	2024-05-20
2100231012239024	REDECARD	PX-2100	1802242024	CONTRATO	N	2024-05-20
5020221083114123	GETNET	Tricore-V	1802152024	CONTRATO	N	2024-05-20
1020231031112606	PAG SEGURO	EPOS-X	1802192024	CONTRATO	N	2024-05-20
3450181042253123	MERCADO PAGO	Chipset-Verifier 3.0	1802282024	CONTRATO	N	2024-05-20
5020241029437608	REDECARD	Tricore-V	1802312024	CONTRATO	N	2024-05-20
1020181003728507	PAG SEGURO	EPOS-X	1802192024	CONTRATO	N	2024-05-20
2100241047166869	GETNET	PX-2100	1802402024	CONTRATO	N	2024-05-20
5020201014949386	REDECARD	Tricore-V	1802312024	CONTRATO	N	2024-05-20
3450211000783172	SWIFTSWIPE TECH	Chipset-Verifier 3.0	1801182024	VAREJO	N	2024-05-20
5020211065990233	STONE	Tricore-V	1802422024	CONTRATO	N	2024-05-20
3450181076093415	PAG SEGURO	Chipset-Verifier 3.0	1802352024	CONTRATO	N	2024-05-20
5020201088809962	GETNET	Tricore-V	1802152024	CONTRATO	N	2024-05-20
3450211081825915	PAG SEGURO	Chipset-Verifier 3.0	1802352024	CONTRATO	N	2024-05-20
3450191084324580	INFINITE PAY	Chipset-Verifier 3.0	1802382024	CONTRATO	N	2024-05-20
1020241058199430	PAGPOP	EPOS-X	1802212024	CONTRATO	N	2024-05-20
1020181084139020	GETNET	EPOS-X	1802292024	CONTRATO	N	2024-05-20
3450221018496289	SUM UP	Chipset-Verifier 3.0	1802182024	CONTRATO	N	2024-05-20
1020181074400581	CIELO	EPOS-X	1802452024	CONTRATO	N	2024-05-20
2100201089045182	CIELO	PX-2100	1802112024	CONTRATO	N	2024-05-20
5020181047895325	MERCADO PAGO	Tricore-V	1802142024	CONTRATO	N	2024-05-20
1020191087048037	PAGPOP	EPOS-X	1802212024	CONTRATO	S	2024-05-20
1020231066979523	CIELO	EPOS-X	1802452024	CONTRATO	N	2024-05-20
3450231038529170	REDECARD	Chipset-Verifier 3.0	1802392024	CONTRATO	N	2024-05-20
2100201040794888	PAGPOP	PX-2100	1802372024	CONTRATO	N	2024-05-20
2100211065107106	CIELO	PX-2100	1802112024	CONTRATO	N	2024-05-20
2100201002742789	GETNET	PX-2100	1802402024	CONTRATO	N	2024-05-20
2100201070092694	CIELO	PX-2100	1802112024	CONTRATO	N	2024-05-20
1020221026346411	INFINITE PAY	EPOS-X	1802542024	CONTRATO	N	2024-05-20
3450231007696517	SWIPETECH EXPERTS	Chipset-Verifier 3.0	1801292024	VAREJO	N	2024-05-20
1020221064195897	POINTTECH SOLUTIONS	EPOS-X	1800312024	VAREJO	N	2024-05-20
2100241067696961	STONE	PX-2100	1802412024	CONTRATO	N	2024-05-20
1020201006692970	PAG SEGURO	EPOS-X	1802192024	CONTRATO	N	2024-05-20
2100221044507844	MERCADO PAGO	PX-2100	1802552024	CONTRATO	S	2024-05-20
7100181016944882	REDECARD	Mag-Scan 7	1802332024	CONTRATO	N	2024-05-20
1020201024010606	CIELO	EPOS-X	1802452024	CONTRATO	N	2024-05-20
5020221033581883	CIELO	Tricore-V	1802162024	CONTRATO	N	2024-05-20
7100191050457920	CIELO	Mag-Scan 7	1802342024	CONTRATO	N	2024-05-20
5020211031708619	REDECARD	Tricore-V	1802312024	CONTRATO	N	2024-05-20
1020181024911781	STONE	EPOS-X	1802252024	CONTRATO	N	2024-05-20
5020201023726533	STONE	Tricore-V	1802422024	CONTRATO	S	2024-05-20
3450211007179299	PAG SEGURO	Chipset-Verifier 3.0	1802352024	CONTRATO	N	2024-05-20
5020211009745043	REDECARD	Tricore-V	1802312024	CONTRATO	N	2024-05-20
3450201058497834	REDECARD	Chipset-Verifier 3.0	1802392024	CONTRATO	N	2024-05-20
5020191069909915	REDECARD	Tricore-V	1802312024	CONTRATO	N	2024-05-20
3450231015584746	SUM UP	Chipset-Verifier 3.0	1802182024	CONTRATO	N	2024-05-20
1020211057116349	STONE	EPOS-X	1802252024	CONTRATO	S	2024-05-20
7100201084910059	STONE	Mag-Scan 7	1802492024	CONTRATO	N	2024-05-20
5020201011013368	SUM UP	Tricore-V	1802322024	CONTRATO	N	2024-05-20
2100221031124023	SUM UP	PX-2100	1802122024	CONTRATO	N	2024-05-20
1020221038436802	REDECARD	EPOS-X	1802432024	CONTRATO	N	2024-05-20
3450241080766786	STONE	Chipset-Verifier 3.0	1802202024	CONTRATO	S	2024-05-20
3450221038912311	INFINITE PAY	Chipset-Verifier 3.0	1802382024	CONTRATO	N	2024-05-20
2100191003995871	PAG SEGURO	PX-2100	1802232024	CONTRATO	N	2024-05-20
7100221066695942	REDECARD	Mag-Scan 7	1802332024	CONTRATO	N	2024-05-20
2100241076414623	PAGPOP	PX-2100	1802372024	CONTRATO	S	2024-05-20
7100191005177583	CIELO	Mag-Scan 7	1802342024	CONTRATO	S	2024-05-20
5020201085612801	CIELO	Tricore-V	1802162024	CONTRATO	N	2024-05-20
1020191053887371	GETNET	EPOS-X	1802292024	CONTRATO	S	2024-05-20
7100221056807169	PAG SEGURO	Mag-Scan 7	1802472024	CONTRATO	S	2024-05-20
7100191067797368	REDECARD	Mag-Scan 7	1802332024	CONTRATO	N	2024-05-20
1020231047807726	STONE	EPOS-X	1802252024	CONTRATO	N	2024-05-20
1020241050534486	MERCADO PAGO	EPOS-X	1802132024	CONTRATO	N	2024-05-20
3450201057699531	GETNET	Chipset-Verifier 3.0	1802442024	CONTRATO	N	2024-05-20
2100201022056811	MERCADO PAGO	PX-2100	1802552024	CONTRATO	N	2024-05-20
7100201055465390	GETNET	Mag-Scan 7	1802462024	CONTRATO	N	2024-05-20
5020231077512545	CARTÃOMASTER TECH	Tricore-V	1801082024	VAREJO	N	2024-05-20
7100221040611649	STONE	Mag-Scan 7	1802492024	CONTRATO	N	2024-05-20
3450231056096396	PAG SEGURO	Chipset-Verifier 3.0	1802352024	CONTRATO	N	2024-05-20
5020191081167439	STONE	Tricore-V	1802422024	CONTRATO	N	2024-05-20
5020181050856890	REDECARD	Tricore-V	1802312024	CONTRATO	N	2024-05-20
2100241020847935	SUM UP	PX-2100	1802122024	CONTRATO	S	2024-05-20
3450221063961980	MERCADO PAGO	Chipset-Verifier 3.0	1802282024	CONTRATO	N	2024-05-20
3450241061661183	SUM UP	Chipset-Verifier 3.0	1802182024	CONTRATO	N	2024-05-20
5020181085693239	SUM UP	Tricore-V	1802322024	CONTRATO	N	2024-05-20
1020191007819682	SWIPETECH EXPERTS	EPOS-X	1801172024	VAREJO	N	2024-05-20
7100191041390499	GETNET	Mag-Scan 7	1802462024	CONTRATO	N	2024-05-20
3450221085151681	SWIPETECH EXPERTS	Chipset-Verifier 3.0	1801292024	VAREJO	S	2024-05-20
7100231018590665	MERCADO PAGO	Mag-Scan 7	1802522024	CONTRATO	N	2024-05-20
2100191059292453	CIELO	PX-2100	1802112024	CONTRATO	N	2024-05-20
3450211047255758	SUM UP	Chipset-Verifier 3.0	1802182024	CONTRATO	N	2024-05-20
1020221068547891	PAG SEGURO	EPOS-X	1802192024	CONTRATO	N	2024-05-20
7100231046843571	INFINITE PAY	Mag-Scan 7	1802482024	CONTRATO	N	2024-05-20
7100201075970151	INFINITE PAY	Mag-Scan 7	1802482024	CONTRATO	N	2024-05-20
5020201027618166	SWIPETECH EXPERTS	Tricore-V	1800732024	VAREJO	N	2024-05-20
3450211075178052	GETNET	Chipset-Verifier 3.0	1802442024	CONTRATO	N	2024-05-20
1020231040998830	CIELO	EPOS-X	1802452024	CONTRATO	N	2024-05-20
5020191043622554	PAGPOP	Tricore-V	1802502024	CONTRATO	N	2024-05-20
3450231001928924	PAGPOP	Chipset-Verifier 3.0	1802302024	CONTRATO	N	2024-05-20
7100181075324776	SUM UP	Mag-Scan 7	1802222024	CONTRATO	N	2024-05-20
7100181084993426	SUM UP	Mag-Scan 7	1802222024	CONTRATO	N	2024-05-20
1020201034723939	INFINITE PAY	EPOS-X	1802542024	CONTRATO	N	2024-05-20
5020181058417632	CARTÃOFÁCIL SOLUTIONS	Tricore-V	1801262024	VAREJO	N	2024-05-20
2100191035461140	INFINITE PAY	PX-2100	1802532024	CONTRATO	N	2024-05-20
7100221038474267	MERCADO PAGO	Mag-Scan 7	1802522024	CONTRATO	N	2024-05-20
2100191004788956	REDECARD	PX-2100	1802242024	CONTRATO	S	2024-05-20
3450211083622322	INFINITE PAY	Chipset-Verifier 3.0	1802382024	CONTRATO	S	2024-05-20
1020241060602192	REDECARD	EPOS-X	1802432024	CONTRATO	N	2024-05-20
5020211037496605	STONE	Tricore-V	1802422024	CONTRATO	N	2024-05-20
7100241081035618	REDECARD	Mag-Scan 7	1802332024	CONTRATO	N	2024-05-20
5020221024430623	POINTEXPERT SOLUTIONS	Tricore-V	1800902024	VAREJO	N	2024-05-20
2100221008850563	PAGPOP	PX-2100	1802372024	CONTRATO	S	2024-05-20
2100221047010393	REDECARD	PX-2100	1802242024	CONTRATO	S	2024-05-20
7100211075707527	CIELO	Mag-Scan 7	1802342024	CONTRATO	S	2024-05-20
1020211073015764	INFINITE PAY	EPOS-X	1802542024	CONTRATO	N	2024-05-20
3450211067097281	REDECARD	Chipset-Verifier 3.0	1802392024	CONTRATO	S	2024-05-20
2100231053712422	STONE	PX-2100	1802412024	CONTRATO	N	2024-05-20
7100181062214024	REDECARD	Mag-Scan 7	1802332024	CONTRATO	S	2024-05-20
7100231069835526	CIELO	Mag-Scan 7	1802342024	CONTRATO	N	2024-05-20
3450201019137484	CIELO	Chipset-Verifier 3.0	1802272024	CONTRATO	N	2024-05-20
2100221042270721	PAG SEGURO	PX-2100	1802232024	CONTRATO	N	2024-05-20
7100181013174735	STONE	Mag-Scan 7	1802492024	CONTRATO	N	2024-05-20
3450181089505689	SUM UP	Chipset-Verifier 3.0	1802182024	CONTRATO	N	2024-05-20
7100211030443242	SUM UP	Mag-Scan 7	1802222024	CONTRATO	N	2024-05-20
5020221075219397	REDECARD	Tricore-V	1802312024	CONTRATO	N	2024-05-20
1020211016751902	SUM UP	EPOS-X	1802362024	CONTRATO	N	2024-05-20
2100241022685913	REDECARD	PX-2100	1802242024	CONTRATO	N	2024-05-20
2100231009757854	STONE	PX-2100	1802412024	CONTRATO	N	2024-05-20
5020201015221938	STONE	Tricore-V	1802422024	CONTRATO	S	2024-05-20
3450231069580247	STONE	Chipset-Verifier 3.0	1802202024	CONTRATO	N	2024-05-20
1020211038641147	PAG SEGURO	EPOS-X	1802192024	CONTRATO	N	2024-05-20
2100191068306249	GETNET	PX-2100	1802402024	CONTRATO	N	2024-05-20
2100191021292123	PAG SEGURO	PX-2100	1802232024	CONTRATO	S	2024-05-20
1020191075789072	GETNET	EPOS-X	1802292024	CONTRATO	N	2024-05-20
2100231083904478	CIELO	PX-2100	1802112024	CONTRATO	N	2024-05-20
5020201022990117	STONE	Tricore-V	1802422024	CONTRATO	N	2024-05-20
5020221032803035	REDECARD	Tricore-V	1802312024	CONTRATO	S	2024-05-20
5020241044659190	SUM UP	Tricore-V	1802322024	CONTRATO	N	2024-05-20
1020231082452247	STONE	EPOS-X	1802252024	CONTRATO	N	2024-05-20
1020231008878395	SECURESWIPE SOLUTIONS	EPOS-X	1800952024	VAREJO	S	2024-05-20
2100231075939921	STONE	PX-2100	1802412024	CONTRATO	N	2024-05-20
7100181059325830	REDECARD	Mag-Scan 7	1802332024	CONTRATO	N	2024-05-20
1020181068420447	SUM UP	EPOS-X	1802362024	CONTRATO	S	2024-05-20
2100181066367639	MERCADO PAGO	PX-2100	1802552024	CONTRATO	N	2024-05-20
1020201060186580	PAG SEGURO	EPOS-X	1802192024	CONTRATO	S	2024-05-20
2100241047575174	CARDTECH SOLUTIONS	PX-2100	1801202024	VAREJO	S	2024-05-20
1020181065042098	REDECARD	EPOS-X	1802432024	CONTRATO	N	2024-05-20
1020191080264511	PAG SEGURO	EPOS-X	1802192024	CONTRATO	N	2024-05-20
3450181050903086	SUM UP	Chipset-Verifier 3.0	1802182024	CONTRATO	N	2024-05-20
1020191068889406	PAGPOP	EPOS-X	1802212024	CONTRATO	N	2024-05-20
5020181021973401	GETNET	Tricore-V	1802152024	CONTRATO	N	2024-05-20
1020221053074191	STONE	EPOS-X	1802252024	CONTRATO	N	2024-05-20
5020181065240038	SUM UP	Tricore-V	1802322024	CONTRATO	N	2024-05-20
2100241032132070	MERCADO PAGO	PX-2100	1802552024	CONTRATO	N	2024-05-20
7100191063144047	REDECARD	Mag-Scan 7	1802332024	CONTRATO	S	2024-05-20
1020191043920660	STONE	EPOS-X	1802252024	CONTRATO	N	2024-05-20
2100221002944367	CIELO	PX-2100	1802112024	CONTRATO	S	2024-05-20
5020181076299499	PAGPOP	Tricore-V	1802502024	CONTRATO	N	2024-05-20
3450211032040773	PAG SEGURO	Chipset-Verifier 3.0	1802352024	CONTRATO	N	2024-05-20
5020221082084507	PAG SEGURO	Tricore-V	1802172024	CONTRATO	N	2024-05-20
2100181084046850	PAG SEGURO	PX-2100	1802232024	CONTRATO	N	2024-05-20
3450201080042992	SUM UP	Chipset-Verifier 3.0	1802182024	CONTRATO	N	2024-05-20
7100191037566775	CARDEASE TECH	Mag-Scan 7	1800962024	VAREJO	N	2024-05-20
1020211010861342	INFINITE PAY	EPOS-X	1802542024	CONTRATO	N	2024-05-20
2100201015576860	INFINITE PAY	PX-2100	1802532024	CONTRATO	N	2024-05-20
1020221029564815	CIELO	EPOS-X	1802452024	CONTRATO	N	2024-05-20
7100221003885373	REDECARD	Mag-Scan 7	1802332024	CONTRATO	N	2024-05-20
1020181077838594	GETNET	EPOS-X	1802292024	CONTRATO	N	2024-05-20
7100221085833081	PAG SEGURO	Mag-Scan 7	1802472024	CONTRATO	S	2024-05-20
1020241012116395	INFINITE PAY	EPOS-X	1802542024	CONTRATO	S	2024-05-20
7100191011803177	INFINITE PAY	Mag-Scan 7	1802482024	CONTRATO	S	2024-05-20
7100181078348121	SWIPEMASTER TECH	Mag-Scan 7	1800892024	VAREJO	N	2024-05-20
2100231015081675	PAG SEGURO	PX-2100	1802232024	CONTRATO	N	2024-05-20
7100211065920207	GETNET	Mag-Scan 7	1802462024	CONTRATO	N	2024-05-20
7100221036172543	MERCADO PAGO	Mag-Scan 7	1802522024	CONTRATO	N	2024-05-20
5020241087674873	PAGPOP	Tricore-V	1802502024	CONTRATO	N	2024-05-20
7100201057327057	REDECARD	Mag-Scan 7	1802332024	CONTRATO	S	2024-05-20
3450211061524687	SUM UP	Chipset-Verifier 3.0	1802182024	CONTRATO	N	2024-05-20
5020191082901587	SUM UP	Tricore-V	1802322024	CONTRATO	S	2024-05-20
5020201002307171	PAGPOP	Tricore-V	1802502024	CONTRATO	N	2024-05-20
3450231064107139	PAGPOP	Chipset-Verifier 3.0	1802302024	CONTRATO	S	2024-05-20
5020231057551159	STONE	Tricore-V	1802422024	CONTRATO	N	2024-05-20
3450221024079359	STONE	Chipset-Verifier 3.0	1802202024	CONTRATO	S	2024-05-20
1020221006050975	PAGPOP	EPOS-X	1802212024	CONTRATO	N	2024-05-20
2100201002164699	RAPIDSWIPE TECH	PX-2100	1801142024	VAREJO	S	2024-05-20
7100221050610221	INFINITE PAY	Mag-Scan 7	1802482024	CONTRATO	N	2024-05-20
3450191081624636	CIELO	Chipset-Verifier 3.0	1802272024	CONTRATO	N	2024-05-20
7100201086069060	PAGPOP	Mag-Scan 7	1802262024	CONTRATO	N	2024-05-20
7100241048151584	PAGPOP	Mag-Scan 7	1802262024	CONTRATO	S	2024-05-20
7100241015249528	PAGPOP	Mag-Scan 7	1802262024	CONTRATO	N	2024-05-20
2100211050077606	MERCADO PAGO	PX-2100	1802552024	CONTRATO	N	2024-05-20
1020231009466306	CIELO	EPOS-X	1802452024	CONTRATO	S	2024-05-20
7100181001904483	REDECARD	Mag-Scan 7	1802332024	CONTRATO	N	2024-05-20
1020241002082851	PAYMASTER TECH	EPOS-X	1800782024	VAREJO	N	2024-05-20
2100181032958476	SUM UP	PX-2100	1802122024	CONTRATO	N	2024-05-20
5020191024127169	PAG SEGURO	Tricore-V	1802172024	CONTRATO	N	2024-05-20
5020201068925274	CIELO	Tricore-V	1802162024	CONTRATO	N	2024-05-20
2100241007494183	GETNET	PX-2100	1802402024	CONTRATO	N	2024-05-20
7100201064686598	PAG SEGURO	Mag-Scan 7	1802472024	CONTRATO	N	2024-05-20
1020211030513908	SUM UP	EPOS-X	1802362024	CONTRATO	N	2024-05-20
2100201006007599	SECURESWIPE SOLUTIONS	PX-2100	1800792024	VAREJO	S	2024-05-20
2100201053451070	REDECARD	PX-2100	1802242024	CONTRATO	N	2024-05-20
3450181064924965	PAG SEGURO	Chipset-Verifier 3.0	1802352024	CONTRATO	N	2024-05-20
3450211075370126	CIELO	Chipset-Verifier 3.0	1802272024	CONTRATO	N	2024-05-20
1020181073871214	REDECARD	EPOS-X	1802432024	CONTRATO	N	2024-05-20
7100201020514954	PAYMASTER TECH	Mag-Scan 7	1800422024	VAREJO	N	2024-05-20
7100221034441345	CIELO	Mag-Scan 7	1802342024	CONTRATO	N	2024-05-20
2100241017339932	MERCADO PAGO	PX-2100	1802552024	CONTRATO	N	2024-05-20
1020231066517729	CIELO	EPOS-X	1802452024	CONTRATO	N	2024-05-20
1020211026567502	REDECARD	EPOS-X	1802432024	CONTRATO	N	2024-05-20
3450221019474970	PAG SEGURO	Chipset-Verifier 3.0	1802352024	CONTRATO	N	2024-05-20
2100241048043590	CIELO	PX-2100	1802112024	CONTRATO	N	2024-05-20
5020211005463379	INFINITE PAY	Tricore-V	1802512024	CONTRATO	N	2024-05-20
2100221005748045	PAGPOP	PX-2100	1802372024	CONTRATO	S	2024-05-20
5020191054460726	CIELO	Tricore-V	1802162024	CONTRATO	N	2024-05-20
1020221073462252	PAG SEGURO	EPOS-X	1802192024	CONTRATO	N	2024-05-20
7100191068445563	MERCADO PAGO	Mag-Scan 7	1802522024	CONTRATO	N	2024-05-20
3450181025331991	GETNET	Chipset-Verifier 3.0	1802442024	CONTRATO	S	2024-05-20
2100231008446058	PAGPOP	PX-2100	1802372024	CONTRATO	N	2024-05-20
5020191052087164	GETNET	Tricore-V	1802152024	CONTRATO	N	2024-05-20
7100181014088678	PAG SEGURO	Mag-Scan 7	1802472024	CONTRATO	N	2024-05-20
3450181038019129	GETNET	Chipset-Verifier 3.0	1802442024	CONTRATO	N	2024-05-20
1020221082265250	GETNET	EPOS-X	1802292024	CONTRATO	S	2024-05-20
5020241042851650	STONE	Tricore-V	1802422024	CONTRATO	S	2024-05-20
2100191061961094	PAGPOP	PX-2100	1802372024	CONTRATO	S	2024-05-20
5020231085887280	MERCADO PAGO	Tricore-V	1802142024	CONTRATO	N	2024-05-20
1020231068733559	PAG SEGURO	EPOS-X	1802192024	CONTRATO	N	2024-05-20
1020191010156301	MERCADO PAGO	EPOS-X	1802132024	CONTRATO	S	2024-05-20
1020181012733869	INFINITE PAY	EPOS-X	1802542024	CONTRATO	N	2024-05-20
5020191057769737	STONE	Tricore-V	1802422024	CONTRATO	N	2024-05-20
1020191088239128	MERCADO PAGO	EPOS-X	1802132024	CONTRATO	S	2024-05-20
2100241015006640	REDECARD	PX-2100	1802242024	CONTRATO	N	2024-05-20
3450231088317444	CIELO	Chipset-Verifier 3.0	1802272024	CONTRATO	N	2024-05-20
7100221030951694	SUM UP	Mag-Scan 7	1802222024	CONTRATO	N	2024-05-20
2100221053227074	MERCADO PAGO	PX-2100	1802552024	CONTRATO	S	2024-05-20
1020201017813582	SUM UP	EPOS-X	1802362024	CONTRATO	N	2024-05-20
5020231005825159	PAG SEGURO	Tricore-V	1802172024	CONTRATO	N	2024-05-20
3450191002348028	MERCADO PAGO	Chipset-Verifier 3.0	1802282024	CONTRATO	S	2024-05-20
5020201064471494	PAYMASTER TECH	Tricore-V	1800822024	VAREJO	S	2024-05-20
7100241030717468	INFINITE PAY	Mag-Scan 7	1802482024	CONTRATO	S	2024-05-20
1020201044720568	INFINITE PAY	EPOS-X	1802542024	CONTRATO	N	2024-05-20
2100231035022742	CARDHUB TECH	PX-2100	1800832024	VAREJO	N	2024-05-20
1020211032434696	MERCADO PAGO	EPOS-X	1802132024	CONTRATO	S	2024-05-20
2100201076574695	INFINITE PAY	PX-2100	1802532024	CONTRATO	N	2024-05-20
3450211038715471	REDECARD	Chipset-Verifier 3.0	1802392024	CONTRATO	S	2024-05-20
5020191043121270	GETNET	Tricore-V	1802152024	CONTRATO	N	2024-05-20
5020221061824447	MERCADO PAGO	Tricore-V	1802142024	CONTRATO	N	2024-05-20
2100211079950318	INFINITE PAY	PX-2100	1802532024	CONTRATO	S	2024-05-20
1020181024640403	PAG SEGURO	EPOS-X	1802192024	CONTRATO	S	2024-05-20
1020191061998933	REDECARD	EPOS-X	1802432024	CONTRATO	S	2024-05-20
1020181060613865	PAG SEGURO	EPOS-X	1802192024	CONTRATO	N	2024-05-20
3450221033314006	STONE	Chipset-Verifier 3.0	1802202024	CONTRATO	N	2024-05-20
2100221040061232	SUM UP	PX-2100	1802122024	CONTRATO	S	2024-05-20
3450211067738128	SUM UP	Chipset-Verifier 3.0	1802182024	CONTRATO	N	2024-05-20
7100191016469662	INFINITE PAY	Mag-Scan 7	1802482024	CONTRATO	N	2024-05-20
5020191032119997	MERCADO PAGO	Tricore-V	1802142024	CONTRATO	N	2024-05-20
2100211068879277	STONE	PX-2100	1802412024	CONTRATO	N	2024-05-20
3450231049933122	STONE	Chipset-Verifier 3.0	1802202024	CONTRATO	N	2024-05-20
5020201030071265	PAGPOP	Tricore-V	1802502024	CONTRATO	N	2024-05-20
1020221051180863	PAGPOP	EPOS-X	1802212024	CONTRATO	N	2024-05-20
1020181051009183	INFINITE PAY	EPOS-X	1802542024	CONTRATO	N	2024-05-20
7100191066249927	PAGPOP	Mag-Scan 7	1802262024	CONTRATO	N	2024-05-20
2100221073661118	GETNET	PX-2100	1802402024	CONTRATO	N	2024-05-20
2100211058772427	SUM UP	PX-2100	1802122024	CONTRATO	S	2024-05-20
1020191059689494	INFINITE PAY	EPOS-X	1802542024	CONTRATO	N	2024-05-20
3450241085249188	PAG SEGURO	Chipset-Verifier 3.0	1802352024	CONTRATO	N	2024-05-20
1020201000781803	CIELO	EPOS-X	1802452024	CONTRATO	N	2024-05-20
2100221009559761	STONE	PX-2100	1802412024	CONTRATO	N	2024-05-20
3450231012219290	PAGPOP	Chipset-Verifier 3.0	1802302024	CONTRATO	N	2024-05-20
2100201044514877	CIELO	PX-2100	1802562024	CONTRATO	S	2024-05-20
3450231063193564	PAGPOP	Chipset-Verifier 3.0	1802302024	CONTRATO	S	2024-05-20
5020211052841860	SUM UP	Tricore-V	1802322024	CONTRATO	N	2024-05-20
5020241068687473	PAGPOP	Tricore-V	1802502024	CONTRATO	N	2024-05-20
5020191015129350	CIELO	Tricore-V	1802572024	CONTRATO	N	2024-05-20
7100201060620340	MERCADO PAGO	Mag-Scan 7	1802522024	CONTRATO	S	2024-05-20
1020181081712773	REDECARD	EPOS-X	1802432024	CONTRATO	N	2024-05-20
1020191009986980	CIELO	EPOS-X	1802452024	CONTRATO	N	2024-05-20
7100191010003636	PAG SEGURO	Mag-Scan 7	1802472024	CONTRATO	N	2024-05-20
7100181003325366	MERCADO PAGO	Mag-Scan 7	1802522024	CONTRATO	N	2024-05-20
5020231027831105	PAGPOP	Tricore-V	1802502024	CONTRATO	N	2024-05-20
2100181022738912	INFINITE PAY	PX-2100	1802532024	CONTRATO	S	2024-05-20
7100201080016718	GETNET	Mag-Scan 7	1802462024	CONTRATO	N	2024-05-20
2100191054749417	GETNET	PX-2100	1802402024	CONTRATO	S	2024-05-20
3450191007790403	MERCADO PAGO	Chipset-Verifier 3.0	1802282024	CONTRATO	N	2024-05-20
7100221014830326	INFINITE PAY	Mag-Scan 7	1802482024	CONTRATO	S	2024-05-20
5020231001924257	PAG SEGURO	Tricore-V	1802172024	CONTRATO	N	2024-05-20
5020241000397013	SECUREPAY SOLUTIONS	Tricore-V	1801252024	VAREJO	N	2024-05-20
7100181007033492	INFINITE PAY	Mag-Scan 7	1802482024	CONTRATO	N	2024-05-20
7100221035437940	CIELO	Mag-Scan 7	1802612024	CONTRATO	S	2024-05-20
1020191077167759	STONE	EPOS-X	1802642024	CONTRATO	N	2024-05-20
5020191075346029	INFINITE PAY	Tricore-V	1802512024	CONTRATO	N	2024-05-20
7100201005142921	PAG SEGURO	Mag-Scan 7	1802472024	CONTRATO	N	2024-05-20
5020221047465143	REDECARD	Tricore-V	1802672024	CONTRATO	N	2024-05-20
5020241085509528	MERCADO PAGO	Tricore-V	1802142024	CONTRATO	N	2024-05-20
7100241045638923	REDECARD	Mag-Scan 7	1802332024	CONTRATO	N	2024-05-20
7100241059185594	INFINITE PAY	Mag-Scan 7	1802482024	CONTRATO	S	2024-05-20
7100231041283461	MERCADO PAGO	Mag-Scan 7	1802522024	CONTRATO	N	2024-05-20
2100191021586398	INFINITE PAY	PX-2100	1802532024	CONTRATO	N	2024-05-20
2100231036943706	PAGPOP	PX-2100	1802372024	CONTRATO	N	2024-05-20
3450211000009877	POINTPRO TECH	Chipset-Verifier 3.0	1801302024	VAREJO	N	2024-05-20
1020181034709728	SUM UP	EPOS-X	1802362024	CONTRATO	N	2024-05-20
1020201055448348	REDECARD	EPOS-X	1802432024	CONTRATO	N	2024-05-20
2100211075933364	CIELO	PX-2100	1802562024	CONTRATO	N	2024-05-20
2100211040932337	SWIPEMASTER TECH	PX-2100	1801402024	VAREJO	N	2024-05-20
1020211042818836	INFINITE PAY	EPOS-X	1802542024	CONTRATO	N	2024-05-20
7100241077069549	GETNET	Mag-Scan 7	1802462024	CONTRATO	N	2024-05-20
7100181002709706	GETNET	Mag-Scan 7	1802462024	CONTRATO	N	2024-05-20
1020231080176146	REDECARD	EPOS-X	1802432024	CONTRATO	N	2024-05-20
3450201046475054	CIELO	Chipset-Verifier 3.0	1802632024	CONTRATO	S	2024-05-20
3450201016691881	MERCADO PAGO	Chipset-Verifier 3.0	1802712024	CONTRATO	N	2024-05-20
1020221031506649	PAG SEGURO	EPOS-X	1802702024	CONTRATO	S	2024-05-20
1020181072651585	SUM UP	EPOS-X	1802362024	CONTRATO	N	2024-05-20
7100241006068303	CARDHUB TECH	Mag-Scan 7	1801512024	VAREJO	N	2024-05-20
7100241016863820	PAGPOP	Mag-Scan 7	1802262024	CONTRATO	N	2024-05-20
2100211028249761	PAG SEGURO	PX-2100	1802692024	CONTRATO	N	2024-05-20
5020231046138500	INFINITE PAY	Tricore-V	1802512024	CONTRATO	N	2024-05-20
7100221036951767	SUM UP	Mag-Scan 7	1802622024	CONTRATO	S	2024-05-20
1020201045918046	REDECARD	EPOS-X	1802432024	CONTRATO	N	2024-05-20
1020231085189900	INFINITE PAY	EPOS-X	1802542024	CONTRATO	N	2024-05-20
3450241049380950	SUM UP	Chipset-Verifier 3.0	1802182024	CONTRATO	N	2024-05-20
7100221019242872	PAG SEGURO	Mag-Scan 7	1802472024	CONTRATO	S	2024-05-20
1020191084637515	PAGPOP	EPOS-X	1802592024	CONTRATO	N	2024-05-20
1020211085329299	MERCADO PAGO	EPOS-X	1802602024	CONTRATO	N	2024-05-20
3450231038045564	CIELO	Chipset-Verifier 3.0	1802632024	CONTRATO	N	2024-05-20
1020231029355541	GETNET	EPOS-X	1802292024	CONTRATO	N	2024-05-20
3450201060975047	PAG SEGURO	Chipset-Verifier 3.0	1802722024	CONTRATO	N	2024-05-20
5020181067995454	POINTTECH SOLUTIONS	Tricore-V	1801532024	VAREJO	N	2024-05-20
1020221010670945	GETNET	EPOS-X	1802292024	CONTRATO	N	2024-05-20
5020211006970848	INFINITE PAY	Tricore-V	1802512024	CONTRATO	S	2024-05-20
7100241006531729	GETNET	Mag-Scan 7	1802462024	CONTRATO	N	2024-05-20
5020231028129600	REDECARD	Tricore-V	1802672024	CONTRATO	N	2024-05-20
3450241081565106	GETNET	Chipset-Verifier 3.0	1802652024	CONTRATO	N	2024-05-20
7100241013910653	PAG SEGURO	Mag-Scan 7	1802472024	CONTRATO	N	2024-05-20
5020241065461372	PAGPOP	Tricore-V	1802502024	CONTRATO	N	2024-05-20
2100231046009817	SUM UP	PX-2100	1802662024	CONTRATO	N	2024-05-20
2100181003985082	SWIFTPAY SOLUTIONS	PX-2100	1800442024	VAREJO	N	2024-05-20
5020201078344388	GETNET	Tricore-V	1802582024	CONTRATO	S	2024-05-20
7100191063583879	PAG SEGURO	Mag-Scan 7	1802472024	CONTRATO	N	2024-05-20
2100181055701485	PAG SEGURO	PX-2100	1802692024	CONTRATO	N	2024-05-20
1020201048716783	CARTÃOFÁCIL SOLUTIONS	EPOS-X	1800682024	VAREJO	S	2024-05-20
2100231066317994	CIELO	PX-2100	1802562024	CONTRATO	S	2024-05-20
5020241080240737	INFINITE PAY	Tricore-V	1802512024	CONTRATO	N	2024-05-20
1020201074528879	INFINITE PAY	EPOS-X	1802542024	CONTRATO	N	2024-05-20
2100181072765636	MERCADO PAGO	PX-2100	1802552024	CONTRATO	N	2024-05-20
3450191064393123	INFINITE PAY	Chipset-Verifier 3.0	1802852024	CONTRATO	N	2024-05-20
1020181066351084	PAGPOP	EPOS-X	1802592024	CONTRATO	N	2024-05-20
1020181032133669	SUM UP	EPOS-X	1802792024	CONTRATO	S	2024-05-20
3450191088454492	INFINITE PAY	Chipset-Verifier 3.0	1802852024	CONTRATO	S	2024-05-20
2100191045449317	INFINITE PAY	PX-2100	1802532024	CONTRATO	N	2024-05-20
1020211087317774	PAG SEGURO	EPOS-X	1802702024	CONTRATO	N	2024-05-20
7100221088225411	INFINITE PAY	Mag-Scan 7	1802482024	CONTRATO	N	2024-05-20
2100191001453956	REDECARD	PX-2100	1802832024	CONTRATO	S	2024-05-20
1020191083416140	INFINITE PAY	EPOS-X	1802542024	CONTRATO	N	2024-05-20
1020231060886078	MERCADO PAGO	EPOS-X	1802602024	CONTRATO	N	2024-05-20
3450211076042155	REDECARD	Chipset-Verifier 3.0	1802912024	CONTRATO	S	2024-05-20
2100211026042746	SUM UP	PX-2100	1802662024	CONTRATO	N	2024-05-20
7100211027283799	MERCADO PAGO	Mag-Scan 7	1802522024	CONTRATO	N	2024-05-20
3450181043363188	CIELO	Chipset-Verifier 3.0	1802632024	CONTRATO	N	2024-05-20
3450181003989813	SUM UP	Chipset-Verifier 3.0	1802822024	CONTRATO	S	2024-05-20
3450211022531513	SUM UP	Chipset-Verifier 3.0	1802822024	CONTRATO	N	2024-05-20
1020231084335380	REDECARD	EPOS-X	1802842024	CONTRATO	N	2024-05-20
3450201068261922	REDECARD	Chipset-Verifier 3.0	1802912024	CONTRATO	S	2024-05-20
7100191068460557	PAG SEGURO	Mag-Scan 7	1802472024	CONTRATO	N	2024-05-20
2100181074667612	MERCADO PAGO	PX-2100	1802552024	CONTRATO	N	2024-05-20
5020231028372009	GETNET	Tricore-V	1802582024	CONTRATO	N	2024-05-20
3450191010469274	PAG SEGURO	Chipset-Verifier 3.0	1802722024	CONTRATO	N	2024-05-20
1020221032168383	SUM UP	EPOS-X	1802792024	CONTRATO	S	2024-05-20
2100201024425781	SUM UP	PX-2100	1802662024	CONTRATO	S	2024-05-20
3450221068174010	SUM UP	Chipset-Verifier 3.0	1802822024	CONTRATO	N	2024-05-20
7100191062253808	CIELO	Mag-Scan 7	1802612024	CONTRATO	N	2024-05-20
1020191014718752	PAGPOP	EPOS-X	1802592024	CONTRATO	N	2024-05-20
5020231087759137	POINTEXPERT SOLUTIONS	Tricore-V	1800902024	VAREJO	N	2024-05-20
2100191007317705	PAG SEGURO	PX-2100	1802692024	CONTRATO	N	2024-05-20
2100201015720789	REDECARD	PX-2100	1802832024	CONTRATO	S	2024-05-20
2100191006654581	PAG SEGURO	PX-2100	1802692024	CONTRATO	N	2024-05-20
7100191024948540	STONE	Mag-Scan 7	1802932024	CONTRATO	N	2024-05-20
3450181019366815	STONE	Chipset-Verifier 3.0	1802682024	CONTRATO	N	2024-05-20
3450221077875036	INFINITE PAY	Chipset-Verifier 3.0	1802852024	CONTRATO	S	2024-05-20
3450201024993917	MERCADO PAGO	Chipset-Verifier 3.0	1802712024	CONTRATO	S	2024-05-20
1020231028828579	GETNET	EPOS-X	1802902024	CONTRATO	N	2024-05-20
5020211013177310	CIELO	Tricore-V	1802572024	CONTRATO	N	2024-05-20
1020211073986125	INFINITE PAY	EPOS-X	1802962024	CONTRATO	N	2024-05-20
2100231051438469	INFINITE PAY	PX-2100	1802532024	CONTRATO	S	2024-05-20
1020241020104130	EASYSWIPE SOLUTIONS	EPOS-X	1800512024	VAREJO	N	2024-05-20
3450201059649513	INFINITE PAY	Chipset-Verifier 3.0	1802852024	CONTRATO	N	2024-05-20
3450211080300627	PAG SEGURO	Chipset-Verifier 3.0	1802722024	CONTRATO	S	2024-05-20
3450191029063637	STONE	Chipset-Verifier 3.0	1802682024	CONTRATO	N	2024-05-20
1020211076147246	SUM UP	EPOS-X	1802792024	CONTRATO	N	2024-05-20
2100201086986328	PAG SEGURO	PX-2100	1802692024	CONTRATO	N	2024-05-20
7100181040276945	STONE	Mag-Scan 7	1802932024	CONTRATO	S	2024-05-20
7100221006076063	CIELO	Mag-Scan 7	1802612024	CONTRATO	N	2024-05-20
1020221073331202	PAG SEGURO	EPOS-X	1802702024	CONTRATO	N	2024-05-20
3450181065399050	SUM UP	Chipset-Verifier 3.0	1802822024	CONTRATO	S	2024-05-20
5020211060466191	MERCADO PAGO	Tricore-V	1802742024	CONTRATO	N	2024-05-20
1020201072145477	GETNET	EPOS-X	1802902024	CONTRATO	N	2024-05-20
7100231053921897	REDECARD	Mag-Scan 7	1802892024	CONTRATO	N	2024-05-20
2100211088540774	SUM UP	PX-2100	1802662024	CONTRATO	N	2024-05-20
5020181009464153	STONE	Tricore-V	1802782024	CONTRATO	N	2024-05-20
3450191028500740	INFINITE PAY	Chipset-Verifier 3.0	1802852024	CONTRATO	N	2024-05-20
7100201074315223	REDECARD	Mag-Scan 7	1802892024	CONTRATO	N	2024-05-20
3450231034021073	INFINITE PAY	Chipset-Verifier 3.0	1802852024	CONTRATO	N	2024-05-20
1020191028577560	PAG SEGURO	EPOS-X	1802702024	CONTRATO	N	2024-05-20
3450191012253839	STONE	Chipset-Verifier 3.0	1802682024	CONTRATO	N	2024-05-20
7100191063787424	REDECARD	Mag-Scan 7	1802892024	CONTRATO	N	2024-05-20
7100191018442771	SECUREPOINT SOLUTIONS	Mag-Scan 7	1801482024	VAREJO	N	2024-05-20
5020241073135667	REDECARD	Tricore-V	1802672024	CONTRATO	S	2024-05-20
5020191053725166	GETNET	Tricore-V	1802582024	CONTRATO	N	2024-05-20
2100211087723755	SUM UP	PX-2100	1802662024	CONTRATO	N	2024-05-20
1020241040609386	STONE	EPOS-X	1802642024	CONTRATO	N	2024-05-20
2100191076364699	SUM UP	PX-2100	1802662024	CONTRATO	N	2024-05-20
1020211080731116	CIELO	EPOS-X	1802762024	CONTRATO	N	2024-05-20
3450211085110433	INFINITE PAY	Chipset-Verifier 3.0	1802852024	CONTRATO	N	2024-05-20
2100201049414608	INFINITE PAY	PX-2100	1802532024	CONTRATO	N	2024-05-20
1020211076038748	POINTEXPERT SOLUTIONS	EPOS-X	1801052024	VAREJO	N	2024-05-20
3450211068170304	INFINITE PAY	Chipset-Verifier 3.0	1802852024	CONTRATO	N	2024-05-20
2100231067129587	CARTÃOFÁCIL SOLUTIONS	PX-2100	1801372024	VAREJO	N	2024-05-20
3450241007308904	CIELO	Chipset-Verifier 3.0	1802632024	CONTRATO	N	2024-05-20
2100211020910818	CIELO	PX-2100	1802562024	CONTRATO	N	2024-05-20
3450231025362424	CARDEASE TECH	Chipset-Verifier 3.0	1801392024	VAREJO	N	2024-05-20
3450221083344935	MERCADO PAGO	Chipset-Verifier 3.0	1802712024	CONTRATO	N	2024-05-20
3450231036859538	INFINITE PAY	Chipset-Verifier 3.0	1802852024	CONTRATO	S	2024-05-20
7100231051997941	PAGPOP	Mag-Scan 7	1802882024	CONTRATO	S	2024-05-20
7100181056650889	PAG SEGURO	Mag-Scan 7	1802992024	CONTRATO	N	2024-05-20
7100211043571401	PAGPOP	Mag-Scan 7	1802882024	CONTRATO	N	2024-05-20
5020201064912418	PAYMASTER TECH	Tricore-V	1800822024	VAREJO	N	2024-05-20
2100181055159548	MERCADO PAGO	PX-2100	1802952024	CONTRATO	N	2024-05-20
3450231062024101	SUM UP	Chipset-Verifier 3.0	1802822024	CONTRATO	S	2024-05-20
1020191000839252	INFINITE PAY	EPOS-X	1802962024	CONTRATO	N	2024-05-20
1020241076192215	INFINITE PAY	EPOS-X	1802962024	CONTRATO	N	2024-05-20
1020241061707320	INFINITE PAY	EPOS-X	1802962024	CONTRATO	N	2024-05-20
3450181057972372	REDECARD	Chipset-Verifier 3.0	1802912024	CONTRATO	N	2024-05-20
3450201041509864	PAGPOP	Chipset-Verifier 3.0	1802772024	CONTRATO	N	2024-05-20
2100241022034200	PAG SEGURO	PX-2100	1802692024	CONTRATO	S	2024-05-20
5020241078590850	PAGPOP	Tricore-V	1802972024	CONTRATO	N	2024-05-20
1020191034652237	PAGPOP	EPOS-X	1802592024	CONTRATO	S	2024-05-20
1020201066932221	INFINITE PAY	EPOS-X	1802962024	CONTRATO	N	2024-05-20
1020181007851210	CARDTECH SOLUTIONS	EPOS-X	1801472024	VAREJO	N	2024-05-20
3450181019663773	SUM UP	Chipset-Verifier 3.0	1802822024	CONTRATO	N	2024-05-20
5020231073834114	STONE	Tricore-V	1802782024	CONTRATO	S	2024-05-20
3450241075544801	INFINITE PAY	Chipset-Verifier 3.0	1802852024	CONTRATO	N	2024-05-20
2100201041360437	PAG SEGURO	PX-2100	1802692024	CONTRATO	N	2024-05-20
5020221007133296	GETNET	Tricore-V	1802582024	CONTRATO	N	2024-05-20
7100191054218443	SUM UP	Mag-Scan 7	1802622024	CONTRATO	N	2024-05-20
2100241063267789	GETNET	PX-2100	1802802024	CONTRATO	N	2024-05-20
3450231067460119	INFINITE PAY	Chipset-Verifier 3.0	1802852024	CONTRATO	S	2024-05-20
1020211085189007	REDECARD	EPOS-X	1802842024	CONTRATO	N	2024-05-20
3450201039335260	PAG SEGURO	Chipset-Verifier 3.0	1802722024	CONTRATO	N	2024-05-20
3450201088884960	STONE	Chipset-Verifier 3.0	1802682024	CONTRATO	N	2024-05-20
7100221034947118	GETNET	Mag-Scan 7	1802872024	CONTRATO	N	2024-05-20
1020231028497859	GETNET	EPOS-X	1802902024	CONTRATO	N	2024-05-20
5020211024046545	PAG SEGURO	Tricore-V	1802752024	CONTRATO	N	2024-05-20
1020191050636213	CIELO	EPOS-X	1802762024	CONTRATO	N	2024-05-20
3450221084021370	MERCADO PAGO	Chipset-Verifier 3.0	1802712024	CONTRATO	N	2024-05-20
2100221057112705	INFINITE PAY	PX-2100	1803002024	CONTRATO	N	2024-05-20
7100201039754794	PAGPOP	Mag-Scan 7	1802882024	CONTRATO	N	2024-05-20
1020221068070826	PAGPOP	EPOS-X	1802592024	CONTRATO	N	2024-05-20
1020231030368833	STONE	EPOS-X	1802642024	CONTRATO	N	2024-05-20
5020231048510989	PAG SEGURO	Tricore-V	1802752024	CONTRATO	N	2024-05-20
2100181044186664	STONE	PX-2100	1802812024	CONTRATO	N	2024-05-20
5020191020525169	SUM UP	Tricore-V	1802862024	CONTRATO	N	2024-05-20
5020221012754515	SUM UP	Tricore-V	1802862024	CONTRATO	N	2024-05-20
5020241076584981	INFINITE PAY	Tricore-V	1802942024	CONTRATO	N	2024-05-20
1020221033497904	REDECARD	EPOS-X	1802842024	CONTRATO	N	2024-05-20
3450181036730656	STONE	Chipset-Verifier 3.0	1802682024	CONTRATO	S	2024-05-20
7100211068615111	REDECARD	Mag-Scan 7	1802892024	CONTRATO	N	2024-05-20
1020181029867139	PAGPOP	EPOS-X	1802592024	CONTRATO	N	2024-05-20
1020231045763303	PAGPOP	EPOS-X	1802592024	CONTRATO	N	2024-05-20
3450231077260590	REDECARD	Chipset-Verifier 3.0	1802912024	CONTRATO	N	2024-05-20
1020191025760349	PAGPOP	EPOS-X	1802592024	CONTRATO	N	2024-05-20
7100241027164658	GETNET	Mag-Scan 7	1802872024	CONTRATO	N	2024-05-20
1020181081217128	PAG SEGURO	EPOS-X	1802702024	CONTRATO	S	2024-05-20
1020211026979638	MERCADO PAGO	EPOS-X	1802602024	CONTRATO	N	2024-05-20
3450191071083803	SWIPETECH EXPERTS	Chipset-Verifier 3.0	1801292024	VAREJO	S	2024-05-20
5020201018107644	INFINITE PAY	Tricore-V	1802942024	CONTRATO	N	2024-05-20
1020221040217102	EASYPAY SOLUTIONS	EPOS-X	1801312024	VAREJO	N	2024-05-20
5020231039117501	SECURESWIPE SOLUTIONS	Tricore-V	1801222024	VAREJO	N	2024-05-20
2100231015265408	CIELO	PX-2100	1802562024	CONTRATO	S	2024-05-20
1020211008994078	CIELO	EPOS-X	1802762024	CONTRATO	N	2024-05-20
3450181057464018	PAG SEGURO	Chipset-Verifier 3.0	1802722024	CONTRATO	N	2024-05-20
3450181002159786	MERCADO PAGO	Chipset-Verifier 3.0	1802712024	CONTRATO	N	2024-05-20
2100191071787541	CIELO	PX-2100	1802562024	CONTRATO	N	2024-05-20
3450211014428702	MERCADO PAGO	Chipset-Verifier 3.0	1802712024	CONTRATO	N	2024-05-20
1020201083024628	CIELO	EPOS-X	1802762024	CONTRATO	N	2024-05-20
7100211052453513	MERCADO PAGO	Mag-Scan 7	1802982024	CONTRATO	N	2024-05-20
5020211018236766	CIELO	Tricore-V	1802572024	CONTRATO	S	2024-05-20
1020211076528226	GETNET	EPOS-X	1802902024	CONTRATO	S	2024-05-20
5020191078627800	MERCADO PAGO	Tricore-V	1802742024	CONTRATO	N	2024-05-20
1020221056449840	GETNET	EPOS-X	1802902024	CONTRATO	N	2024-05-20
3450181084254852	PAG SEGURO	Chipset-Verifier 3.0	1802722024	CONTRATO	N	2024-05-20
7100211044366655	PAGPOP	Mag-Scan 7	1802882024	CONTRATO	N	2024-05-20
1020181039085145	MERCADO PAGO	EPOS-X	1802602024	CONTRATO	S	2024-05-20
1020221059764137	INFINITE PAY	EPOS-X	1802962024	CONTRATO	S	2024-05-20
2100211031817890	STONE	PX-2100	1802812024	CONTRATO	N	2024-05-20
2100191036182488	GETNET	PX-2100	1802802024	CONTRATO	N	2024-05-20
2100191086607512	POINTTECH SOLUTIONS	PX-2100	1801152024	VAREJO	S	2024-05-20
7100201005095548	SWIFTSWIPE TECH	Mag-Scan 7	1801362024	VAREJO	N	2024-05-20
3450211077797176	SUM UP	Chipset-Verifier 3.0	1802822024	CONTRATO	N	2024-05-20
2100241074931654	PAG SEGURO	PX-2100	1802692024	CONTRATO	N	2024-05-20
2100241000471931	PAG SEGURO	PX-2100	1802692024	CONTRATO	N	2024-05-20
5020191018563722	SUM UP	Tricore-V	1802862024	CONTRATO	S	2024-05-20
2100191009282482	MERCADO PAGO	PX-2100	1802952024	CONTRATO	N	2024-05-20
3450181045684108	MERCADO PAGO	Chipset-Verifier 3.0	1802712024	CONTRATO	N	2024-05-20
5020191004309582	GETNET	Tricore-V	1802582024	CONTRATO	N	2024-05-20
5020231063031075	SUM UP	Tricore-V	1802862024	CONTRATO	N	2024-05-20
7100221042631760	PAYMASTER TECH	Mag-Scan 7	1800422024	VAREJO	N	2024-05-20
5020231022054404	SUM UP	Tricore-V	1802862024	CONTRATO	N	2024-05-20
3450221028810546	STONE	Chipset-Verifier 3.0	1802682024	CONTRATO	N	2024-05-20
1020221020427041	GETNET	EPOS-X	1802902024	CONTRATO	N	2024-05-20
3450181000990667	REDECARD	Chipset-Verifier 3.0	1802912024	CONTRATO	N	2024-05-20
3450191065851560	SUM UP	Chipset-Verifier 3.0	1802822024	CONTRATO	N	2024-05-20
1020221015460804	SECUREPOINT SOLUTIONS	EPOS-X	1801502024	VAREJO	N	2024-05-20
7100221040174422	PAGPOP	Mag-Scan 7	1802882024	CONTRATO	S	2024-05-20
3450181040625109	PAG SEGURO	Chipset-Verifier 3.0	1802722024	CONTRATO	S	2024-05-20
7100191082273416	STONE	Mag-Scan 7	1802932024	CONTRATO	S	2024-05-20
5020221059209285	REDECARD	Tricore-V	1802672024	CONTRATO	N	2024-05-20
3450211051162879	REDECARD	Chipset-Verifier 3.0	1802912024	CONTRATO	N	2024-05-20
7100201021638299	SECUREPOINT SOLUTIONS	Mag-Scan 7	1801482024	VAREJO	N	2024-05-20
1020221006305096	MERCADO PAGO	EPOS-X	1802602024	CONTRATO	S	2024-05-20
1020231075521359	REDECARD	EPOS-X	1802842024	CONTRATO	N	2024-05-20
7100181082742418	SUM UP	Mag-Scan 7	1802622024	CONTRATO	N	2024-05-20
5020221049222443	INFINITE PAY	Tricore-V	1802942024	CONTRATO	S	2024-05-20
2100241078946405	GETNET	PX-2100	1802802024	CONTRATO	N	2024-05-20
5020201052923551	STONE	Tricore-V	1802782024	CONTRATO	N	2024-05-20
3450191058095267	PAG SEGURO	Chipset-Verifier 3.0	1802722024	CONTRATO	N	2024-05-20
1020241046871089	REDECARD	EPOS-X	1802842024	CONTRATO	N	2024-05-20
5020221016477304	PAGPOP	Tricore-V	1802972024	CONTRATO	N	2024-05-20
5020201073337247	GETNET	Tricore-V	1802582024	CONTRATO	N	2024-05-20
5020191030082521	GETNET	Tricore-V	1802582024	CONTRATO	N	2024-05-20
5020181029561363	CIELO	Tricore-V	1802572024	CONTRATO	N	2024-05-20
7100231005456773	CARTÃOFÁCIL SOLUTIONS	Mag-Scan 7	1800842024	VAREJO	N	2024-05-20
1020211045417821	STONE	EPOS-X	1802642024	CONTRATO	N	2024-05-20
5020191054797255	PAG SEGURO	Tricore-V	1802752024	CONTRATO	N	2024-05-20
1020231038512191	PAG SEGURO	EPOS-X	1802702024	CONTRATO	N	2024-05-20
5020181073262676	STONE	Tricore-V	1802782024	CONTRATO	N	2024-05-20
1020191087895572	PAGPOP	EPOS-X	1802592024	CONTRATO	N	2024-05-20
1020231064967133	CARDTECH SOLUTIONS	EPOS-X	1801472024	VAREJO	N	2024-05-20
7100231022029568	SUM UP	Mag-Scan 7	1802622024	CONTRATO	N	2024-05-20
1020241052418573	MERCADO PAGO	EPOS-X	1802602024	CONTRATO	N	2024-05-20
2100181030370647	PAG SEGURO	PX-2100	1802692024	CONTRATO	N	2024-05-20
1020201003633018	GETNET	EPOS-X	1802902024	CONTRATO	N	2024-05-20
7100231088360753	REDECARD	Mag-Scan 7	1802892024	CONTRATO	N	2024-05-20
1020231038776191	STONE	EPOS-X	1802642024	CONTRATO	N	2024-05-20
7100201009612513	MERCADO PAGO	Mag-Scan 7	1802982024	CONTRATO	N	2024-05-20
5020231069196844	REDECARD	Tricore-V	1802672024	CONTRATO	N	2024-05-20
5020181084670259	PAG SEGURO	Tricore-V	1802752024	CONTRATO	N	2024-05-20
1020241029474804	SUM UP	EPOS-X	1802792024	CONTRATO	N	2024-05-20
2100211066808067	INFINITE PAY	PX-2100	1803002024	CONTRATO	N	2024-05-20
2100211082688722	RAPIDSWIPE TECH	PX-2100	1801142024	VAREJO	N	2024-05-20
2100191007071728	INFINITE PAY	PX-2100	1803002024	CONTRATO	N	2024-05-20
3450241081558893	GETNET	Chipset-Verifier 3.0	1802652024	CONTRATO	N	2024-05-20
7100221028921883	STONE	Mag-Scan 7	1802932024	CONTRATO	N	2024-05-20
5020221049508470	GETNET	Tricore-V	1802582024	CONTRATO	N	2024-05-20
3450211022717582	CIELO	Chipset-Verifier 3.0	1802632024	CONTRATO	N	2024-05-20
1020211088003346	CIELO	EPOS-X	1802762024	CONTRATO	S	2024-05-20
7100221011210212	MERCADO PAGO	Mag-Scan 7	1802982024	CONTRATO	N	2024-05-20
5020241061006389	REDECARD	Tricore-V	1802672024	CONTRATO	N	2024-05-20
3450231087231793	CARTÃOFÁCIL SOLUTIONS	Chipset-Verifier 3.0	1801642024	VAREJO	N	2024-05-20
1020211009936383	PAGPOP	EPOS-X	1802592024	CONTRATO	N	2024-05-20
1020201076790374	INFINITE PAY	EPOS-X	1802962024	CONTRATO	N	2024-05-20
7100221040244269	SUM UP	Mag-Scan 7	1802622024	CONTRATO	S	2024-05-20
3450221070714373	PAGPOP	Chipset-Verifier 3.0	1802772024	CONTRATO	S	2024-05-20
3450211022397987	REDECARD	Chipset-Verifier 3.0	1802912024	CONTRATO	N	2024-05-20
3450181082060947	CIELO	Chipset-Verifier 3.0	1802632024	CONTRATO	N	2024-05-20
7100241070042677	INFINITE PAY	Mag-Scan 7	1802922024	CONTRATO	N	2024-05-20
1020181033156666	MERCADO PAGO	EPOS-X	1802602024	CONTRATO	S	2024-05-20
3450181054078948	CIELO	Chipset-Verifier 3.0	1802632024	CONTRATO	N	2024-05-20
1020231002927460	SECUREPOINT SOLUTIONS	EPOS-X	1801502024	VAREJO	N	2024-05-20
2100231043336848	REDECARD	PX-2100	1802832024	CONTRATO	N	2024-05-20
2100221017025769	INFINITE PAY	PX-2100	1803002024	CONTRATO	N	2024-05-20
7100241006413714	PAGPOP	Mag-Scan 7	1802882024	CONTRATO	N	2024-05-20
7100191054262302	REDECARD	Mag-Scan 7	1802892024	CONTRATO	N	2024-05-20
2100191061404639	MERCADO PAGO	PX-2100	1802952024	CONTRATO	N	2024-05-20
3450181020040688	REDECARD	Chipset-Verifier 3.0	1802912024	CONTRATO	N	2024-05-20
5020231032839185	REDECARD	Tricore-V	1802672024	CONTRATO	N	2024-05-20
3450201054422031	STONE	Chipset-Verifier 3.0	1802682024	CONTRATO	N	2024-05-20
7100201088083030	STONE	Mag-Scan 7	1802932024	CONTRATO	N	2024-05-20
1020221066211097	SECUREPAY SOLUTIONS	EPOS-X	1801132024	VAREJO	N	2024-05-20
7100231026033381	CIELO	Mag-Scan 7	1802612024	CONTRATO	N	2024-05-20
2100191026324451	PAG SEGURO	PX-2100	1802692024	CONTRATO	N	2024-05-20
3450241007669937	POINTTECH SOLUTIONS	Chipset-Verifier 3.0	1801192024	VAREJO	N	2024-05-20
3450211029583771	GETNET	Chipset-Verifier 3.0	1802652024	CONTRATO	N	2024-05-20
1020231073651948	PAG SEGURO	EPOS-X	1802702024	CONTRATO	N	2024-05-20
1020231001820307	MERCADO PAGO	EPOS-X	1802602024	CONTRATO	N	2024-05-20
3450221022722076	RAPIDSWIPE TECH	Chipset-Verifier 3.0	1801022024	VAREJO	N	2024-05-20
7100231088622490	GETNET	Mag-Scan 7	1802872024	CONTRATO	N	2024-05-20
1020211088396088	SUM UP	EPOS-X	1802792024	CONTRATO	N	2024-05-20
5020221088760223	CARDHUB TECH	Tricore-V	1800812024	VAREJO	S	2024-05-20
7100181022034955	INFINITE PAY	Mag-Scan 7	1802922024	CONTRATO	N	2024-05-20
5020231085458019	SECURESWIPE SOLUTIONS	Tricore-V	1801222024	VAREJO	S	2024-05-20
2100221089423972	INFINITE PAY	PX-2100	1803002024	CONTRATO	N	2024-05-20
3450201066662693	REDECARD	Chipset-Verifier 3.0	1802912024	CONTRATO	N	2024-05-20
2100211006502247	STONE	PX-2100	1802812024	CONTRATO	N	2024-05-20
5020211002270150	PAGPOP	Tricore-V	1802972024	CONTRATO	S	2024-05-20
2100241025037673	INFINITE PAY	PX-2100	1803002024	CONTRATO	S	2024-05-20
3450181059335006	STONE	Chipset-Verifier 3.0	1802682024	CONTRATO	N	2024-05-20
5020201041081700	SUM UP	Tricore-V	1802862024	CONTRATO	N	2024-05-20
7100221045522910	MERCADO PAGO	Mag-Scan 7	1802982024	CONTRATO	S	2024-05-20
5020231070553280	PAG SEGURO	Tricore-V	1802752024	CONTRATO	N	2024-05-20
5020241051628586	GETNET	Tricore-V	1802582024	CONTRATO	N	2024-05-20
3450181075564912	INFINITE PAY	Chipset-Verifier 3.0	1802852024	CONTRATO	S	2024-05-20
5020241035223381	STONE	Tricore-V	1802782024	CONTRATO	N	2024-05-20
7100241013985177	PAGPOP	Mag-Scan 7	1802882024	CONTRATO	S	2024-05-20
7100231085735697	POINTEXPERT SOLUTIONS	Mag-Scan 7	1800692024	VAREJO	N	2024-05-20
3450191078742602	REDECARD	Chipset-Verifier 3.0	1802912024	CONTRATO	S	2024-05-20
7100191049084787	PAG SEGURO	Mag-Scan 7	1802992024	CONTRATO	N	2024-05-20
2100221084631201	GETNET	PX-2100	1802802024	CONTRATO	N	2024-05-20
5020211087504333	PAGPOP	Tricore-V	1802972024	CONTRATO	N	2024-05-20
1020241056277119	CIELO	EPOS-X	1802762024	CONTRATO	S	2024-05-20
3450191050340664	INFINITE PAY	Chipset-Verifier 3.0	1802852024	CONTRATO	N	2024-05-20
2100201013379063	SUM UP	PX-2100	1802662024	CONTRATO	S	2024-05-20
7100231007060482	CIELO	Mag-Scan 7	1802612024	CONTRATO	S	2024-05-20
1020221058676623	CARDTECH SOLUTIONS	EPOS-X	1801472024	VAREJO	N	2024-05-20
7100241030335811	PAG SEGURO	Mag-Scan 7	1802992024	CONTRATO	N	2024-05-20
5020221034289615	GETNET	Tricore-V	1802582024	CONTRATO	N	2024-05-20
2100231058195237	SUM UP	PX-2100	1802662024	CONTRATO	S	2024-05-20
3450181059872379	PAGPOP	Chipset-Verifier 3.0	1802772024	CONTRATO	N	2024-05-20
7100231028111045	MERCADO PAGO	Mag-Scan 7	1802982024	CONTRATO	N	2024-05-20
7100231018591231	INFINITE PAY	Mag-Scan 7	1802922024	CONTRATO	N	2024-05-20
2100181075598803	PAG SEGURO	PX-2100	1802692024	CONTRATO	N	2024-05-20
5020241013718419	MERCADO PAGO	Tricore-V	1802742024	CONTRATO	N	2024-05-20
5020221038138410	CIELO	Tricore-V	1802572024	CONTRATO	N	2024-05-20
3450241086038160	RAPIDSWIPE TECH	Chipset-Verifier 3.0	1801022024	VAREJO	N	2024-05-20
2100201065646159	RAPIDSWIPE TECH	PX-2100	1801142024	VAREJO	N	2024-05-20
7100211044531945	MERCADO PAGO	Mag-Scan 7	1802982024	CONTRATO	N	2024-05-20
3450201021218031	CARTÃOMASTER TECH	Chipset-Verifier 3.0	1800802024	VAREJO	N	2024-05-20
2100221067059718	INFINITE PAY	PX-2100	1803002024	CONTRATO	N	2024-05-20
7100201036180535	STONE	Mag-Scan 7	1802932024	CONTRATO	N	2024-05-20
1020221026905759	REDECARD	EPOS-X	1802842024	CONTRATO	S	2024-05-20
3450231070438200	INFINITE PAY	Chipset-Verifier 3.0	1802852024	CONTRATO	S	2024-05-20
7100201002276696	PAG SEGURO	Mag-Scan 7	1802992024	CONTRATO	S	2024-05-20
5020181059885310	CIELO	Tricore-V	1802572024	CONTRATO	N	2024-05-20
1020221011346165	REDECARD	EPOS-X	1802842024	CONTRATO	N	2024-05-20
5020241071592243	CIELO	Tricore-V	1802572024	CONTRATO	N	2024-05-20
5020231023240515	PAG SEGURO	Tricore-V	1802752024	CONTRATO	S	2024-05-20
5020181017051185	CIELO	Tricore-V	1802572024	CONTRATO	N	2024-05-20
7100221038354453	POINTTECH SOLUTIONS	Mag-Scan 7	1801102024	VAREJO	N	2024-05-20
1020201071814859	INFINITE PAY	EPOS-X	1802962024	CONTRATO	N	2024-05-20
3450191086149658	SUM UP	Chipset-Verifier 3.0	1802822024	CONTRATO	N	2024-05-20
2100221001784502	REDECARD	PX-2100	1802832024	CONTRATO	S	2024-05-20
5020191072634029	PAG SEGURO	Tricore-V	1802752024	CONTRATO	S	2024-05-20
1020211085245348	CIELO	EPOS-X	1802762024	CONTRATO	N	2024-05-20
5020211086862573	INFINITE PAY	Tricore-V	1802942024	CONTRATO	S	2024-05-20
3450201016061014	PAGPOP	Chipset-Verifier 3.0	1802772024	CONTRATO	N	2024-05-20
7100221008912930	STONE	Mag-Scan 7	1802932024	CONTRATO	N	2024-05-20
5020231029122577	MERCADO PAGO	Tricore-V	1802742024	CONTRATO	S	2024-05-20
2100201022107218	GETNET	PX-2100	1802802024	CONTRATO	N	2024-05-20
